krop_id,image,cx,cy,area_px,area_cm2,weight_g,weight_class,lat,lon
1,orthomosaic_000.png,104.65,484.55,4100.44,256.28,249.02,light,51.2500035,5.9500038
2,orthomosaic_000.png,158.89,201.57,10810.93,675.68,564.49,heavy,51.2500098,5.9500057
3,orthomosaic_000.png,359.34,105.39,2902.4,181.4,178.19,light,51.250012,5.9500129
4,orthomosaic_000.png,211.77,373.57,5859.3,366.21,334.09,light,51.250006,5.9500076
5,orthomosaic_000.png,131.18,451.95,4351.43,271.96,260.06,light,51.2500042,5.9500047
6,orthomosaic_000.png,430.18,193.54,3637.02,227.31,219.05,light,51.25001,5.9500154
7,orthomosaic_000.png,243.81,531.64,3164.51,197.78,193.24,light,51.2500024,5.9500087
8,orthomosaic_000.png,373.11,266.45,10398.67,649.92,547.38,heavy,51.2500084,5.9500134
9,orthomosaic_000.png,414.67,497.65,8503.96,531.5,462.11,medium,51.2500032,5.9500149
10,orthomosaic_000.png,103.84,453.04,2775.58,173.47,168.66,light,51.2500042,5.9500037
11,orthomosaic_000.png,373.15,550.35,11237.67,702.35,588.0,heavy,51.250002,5.9500134
12,orthomosaic_000.png,333.17,336.67,13203.33,825.21,673.12,heavy,51.2500068,5.950012
13,orthomosaic_000.png,126.92,93.38,6475.47,404.72,364.18,medium,51.2500123,5.9500046
14,orthomosaic_000.png,151.95,469.61,5040.14,315.01,290.1,light,51.2500038,5.9500055
15,orthomosaic_000.png,230.22,585.47,7577.19,473.57,417.85,medium,51.2500012,5.9500083
16,orthomosaic_000.png,524.72,257.13,4302.74,268.92,255.78,light,51.2500086,5.9500188
17,orthomosaic_000.png,170.59,524.46,3778.48,236.15,225.31,light,51.2500026,5.9500061
18,orthomosaic_000.png,309.46,52.48,3412.6,213.29,204.24,light,51.2500132,5.9500111
19,orthomosaic_000.png,359.4,170.22,3610.75,225.67,218.43,light,51.2500106,5.9500129
20,orthomosaic_000.png,201.84,547.17,12084.88,755.31,624.86,heavy,51.2500021,5.9500072
21,orthomosaic_000.png,289.68,251.24,5952.65,372.04,341.64,light,51.2500087,5.9500104
22,orthomosaic_000.png,127.85,304.56,8203.13,512.7,445.62,medium,51.2500075,5.9500046
23,orthomosaic_000.png,481.53,463.19,4941.95,308.87,287.59,light,51.250004,5.9500173
24,orthomosaic_000.png,71.25,525.01,6861.14,428.82,383.91,medium,51.2500026,5.9500026
25,orthomosaic_000.png,482.07,241.38,5423.21,338.95,308.83,light,51.250009,5.9500173
26,orthomosaic_000.png,347.66,62.98,3458.47,216.15,210.3,light,51.250013,5.9500125
27,orthomosaic_000.png,262.02,528.76,2551.0,159.44,157.81,light,51.2500025,5.9500094
28,orthomosaic_000.png,422.49,347.94,9212.42,575.78,492.79,medium,51.2500066,5.9500152
29,orthomosaic_000.png,218.88,229.83,8339.31,521.21,452.39,medium,51.2500092,5.9500079
30,orthomosaic_000.png,219.07,97.08,7218.13,451.13,399.5,medium,51.2500122,5.9500079
31,orthomosaic_001.png,91.3,222.76,12805.54,800.35,656.62,heavy,51.2500094,5.9504338
32,orthomosaic_001.png,200.47,309.42,4977.86,311.12,291.08,light,51.2500074,5.9504377
33,orthomosaic_001.png,437.03,341.47,4156.81,259.8,249.93,light,51.2500067,5.9504462
34,orthomosaic_001.png,56.28,423.14,10503.51,656.47,551.26,heavy,51.2500049,5.9504326
35,orthomosaic_001.png,348.98,254.59,4536.51,283.53,266.64,light,51.2500087,5.9504431
36,orthomosaic_001.png,473.27,419.53,10189.45,636.84,536.78,heavy,51.250005,5.9504475
37,orthomosaic_001.png,115.7,64.63,4509.09,281.82,271.06,light,51.2500129,5.9504347
38,orthomosaic_001.png,404.15,185.92,6305.24,394.08,357.02,medium,51.2500102,5.9504451
39,orthomosaic_001.png,200.96,342.48,4193.39,262.09,250.85,light,51.2500067,5.9504378
40,orthomosaic_001.png,112.53,385.45,4112.72,257.05,246.79,light,51.2500057,5.9504346
41,orthomosaic_001.png,245.14,103.08,13334.3,833.39,678.14,heavy,51.2500121,5.9504393
42,orthomosaic_001.png,209.18,222.34,5037.19,314.82,288.93,light,51.2500094,5.9504381
43,orthomosaic_001.png,574.58,408.58,3477.82,217.36,209.46,light,51.2500052,5.9504512
44,orthomosaic_001.png,267.24,422.5,3486.65,217.92,209.97,light,51.2500049,5.9504401
45,orthomosaic_001.png,542.18,380.11,3858.05,241.13,233.76,light,51.2500058,5.95045
46,orthomosaic_001.png,542.64,163.94,12656.19,791.01,647.61,heavy,51.2500107,5.95045
47,orthomosaic_001.png,306.46,391.43,2710.35,169.4,163.32,light,51.2500056,5.9504415
48,orthomosaic_001.png,257.58,443.63,3862.29,241.39,230.69,light,51.2500044,5.9504398
49,orthomosaic_001.png,448.19,330.02,6489.09,405.57,368.23,medium,51.250007,5.9504466
50,orthomosaic_001.png,90.12,458.17,5535.18,345.95,313.62,light,51.2500041,5.9504338
51,orthomosaic_001.png,103.15,188.57,6463.4,403.96,362.49,medium,51.2500101,5.9504343
52,orthomosaic_001.png,411.07,548.38,3985.43,249.09,236.5,light,51.2500021,5.9504453
53,orthomosaic_001.png,311.87,284.71,12950.0,809.38,663.32,heavy,51.250008,5.9504417
54,orthomosaic_001.png,572.0,63.57,7631.25,476.95,419.41,medium,51.2500129,5.9504511
55,orthomosaic_001.png,170.53,206.97,6447.39,402.96,365.83,medium,51.2500097,5.9504367
56,orthomosaic_001.png,272.19,398.7,4853.83,303.36,282.71,light,51.2500054,5.9504403
57,orthomosaic_001.png,497.82,386.77,13624.26,851.52,693.44,heavy,51.2500057,5.9504484
58,orthomosaic_001.png,536.11,513.12,6036.27,377.27,346.47,light,51.2500028,5.9504498
59,orthomosaic_001.png,543.99,163.64,5569.83,348.11,319.99,light,51.2500107,5.9504501
60,orthomosaic_001.png,400.47,161.47,8952.98,559.56,483.68,medium,51.2500107,5.9504449
61,orthomosaic_002.png,583.4,410.94,3175.17,198.45,197.12,light,51.2500051,5.950882
62,orthomosaic_002.png,157.73,548.86,5336.44,333.53,299.81,light,51.250002,5.9508668
63,orthomosaic_002.png,395.12,397.31,3836.95,239.81,224.93,light,51.2500055,5.9508753
64,orthomosaic_002.png,600.37,538.28,4095.57,255.97,241.62,light,51.2500023,5.9508826
65,orthomosaic_002.png,385.36,240.85,2711.07,169.44,167.72,light,51.250009,5.9508749
66,orthomosaic_002.png,320.1,388.7,13400.26,837.52,679.35,heavy,51.2500056,5.9508726
67,orthomosaic_002.png,74.25,171.24,8641.03,540.06,468.7,medium,51.2500105,5.9508638
68,orthomosaic_002.png,423.78,246.44,5773.05,360.82,328.52,light,51.2500088,5.9508763
69,orthomosaic_002.png,439.99,522.52,7894.61,493.41,433.48,medium,51.2500026,5.9508769
70,orthomosaic_002.png,227.65,523.45,8658.41,541.15,469.84,medium,51.2500026,5.9508693
71,orthomosaic_002.png,173.31,463.42,3276.4,204.77,197.85,light,51.250004,5.9508673
72,orthomosaic_002.png,103.42,458.91,8972.75,560.8,482.96,medium,51.2500041,5.9508648
73,orthomosaic_002.png,192.49,544.21,12253.37,765.84,629.2,heavy,51.2500022,5.950868
74,orthomosaic_002.png,395.72,162.08,8453.99,528.37,461.12,medium,51.2500107,5.9508753
75,orthomosaic_002.png,306.87,216.86,9389.21,586.83,500.05,heavy,51.2500095,5.9508721
76,orthomosaic_002.png,243.09,315.22,5014.87,313.43,293.88,light,51.2500073,5.9508698
77,orthomosaic_002.png,354.91,530.21,12945.18,809.07,660.82,heavy,51.2500025,5.9508738
78,orthomosaic_002.png,356.59,399.63,12524.19,782.76,643.87,heavy,51.2500054,5.9508739
79,orthomosaic_002.png,490.33,327.72,4872.94,304.56,285.86,light,51.250007,5.9508787
80,orthomosaic_002.png,357.92,201.43,3066.37,191.65,186.2,light,51.2500098,5.9508739
81,orthomosaic_002.png,434.77,537.31,5372.16,335.76,310.74,light,51.2500023,5.9508767
82,orthomosaic_002.png,580.52,431.61,7622.06,476.38,419.77,medium,51.2500047,5.9508819
83,orthomosaic_002.png,477.75,231.56,11914.25,744.64,614.0,heavy,51.2500092,5.9508782
84,orthomosaic_002.png,379.07,83.44,12793.84,799.61,652.96,heavy,51.2500125,5.9508747
85,orthomosaic_002.png,103.14,336.93,6220.36,388.77,352.92,medium,51.2500068,5.9508648
86,orthomosaic_002.png,189.92,426.14,5178.92,323.68,300.99,light,51.2500048,5.9508679
87,orthomosaic_002.png,485.93,347.76,5311.71,331.98,306.29,light,51.2500066,5.9508785
88,orthomosaic_002.png,287.93,71.08,4627.87,289.24,271.57,light,51.2500128,5.9508714
89,orthomosaic_002.png,62.46,350.03,8551.31,534.46,464.76,medium,51.2500065,5.9508633
90,orthomosaic_002.png,143.43,147.91,11335.43,708.46,593.61,heavy,51.2500111,5.9508663
91,orthomosaic_003.png,172.23,105.7,3061.02,191.31,186.11,light,51.250012,5.9512978
92,orthomosaic_003.png,506.9,397.53,9753.71,609.61,521.37,heavy,51.2500054,5.9513098
93,orthomosaic_003.png,333.69,274.46,5297.87,331.12,304.76,light,51.2500082,5.9513036
94,orthomosaic_003.png,155.4,311.8,6403.36,400.21,360.56,medium,51.2500074,5.9512972
95,orthomosaic_003.png,357.91,573.39,11942.74,746.42,617.94,heavy,51.2500015,5.9513045
96,orthomosaic_003.png,276.47,105.28,9303.26,581.45,498.46,medium,51.250012,5.9513016
97,orthomosaic_003.png,551.87,259.17,7623.48,476.47,419.83,medium,51.2500086,5.9513115
98,orthomosaic_003.png,390.71,519.07,4032.29,252.02,240.46,light,51.2500027,5.9513057
99,orthomosaic_003.png,73.01,485.68,9065.32,566.58,490.41,medium,51.2500035,5.9512943
100,orthomosaic_003.png,123.28,376.69,7689.48,480.59,422.47,medium,51.2500059,5.9512961
101,orthomosaic_003.png,390.17,125.15,6540.61,408.79,366.98,medium,51.2500116,5.9513057
102,orthomosaic_003.png,122.14,305.08,5810.29,363.14,325.96,light,51.2500075,5.951296
103,orthomosaic_003.png,326.6,379.52,11496.57,718.54,594.2,heavy,51.2500058,5.9513034
104,orthomosaic_003.png,452.43,162.84,3555.55,222.22,211.87,light,51.2500107,5.9513079
105,orthomosaic_003.png,44.11,258.05,3413.78,213.36,204.07,light,51.2500086,5.9512932
106,orthomosaic_003.png,235.15,536.75,3289.86,205.62,201.86,light,51.2500023,5.9513001
107,orthomosaic_003.png,277.18,100.91,2359.15,147.45,144.09,light,51.2500121,5.9513016
108,orthomosaic_003.png,550.44,193.66,8254.11,515.88,449.09,medium,51.25001,5.9513114
109,orthomosaic_003.png,415.14,324.93,10344.04,646.5,544.95,heavy,51.2500071,5.9513066
110,orthomosaic_003.png,179.1,494.8,6131.98,383.25,345.52,light,51.2500033,5.9512981
111,orthomosaic_003.png,323.07,340.69,9269.2,579.32,494.4,medium,51.2500067,5.9513033
112,orthomosaic_003.png,337.25,398.27,12058.79,753.67,620.69,heavy,51.2500054,5.9513038
113,orthomosaic_003.png,319.61,392.72,3817.45,238.59,229.03,light,51.2500056,5.9513031
114,orthomosaic_003.png,482.79,264.07,4798.15,299.88,281.41,light,51.2500084,5.951309
115,orthomosaic_003.png,550.57,256.07,4157.51,259.84,248.52,light,51.2500086,5.9513114
116,orthomosaic_003.png,573.93,58.24,5945.62,371.6,341.25,light,51.2500131,5.9513123
117,orthomosaic_003.png,291.1,464.16,6799.53,424.97,380.72,medium,51.2500039,5.9513021
118,orthomosaic_003.png,454.01,427.5,14285.72,892.86,719.55,heavy,51.2500048,5.9513079
119,orthomosaic_003.png,132.43,133.49,5675.03,354.69,326.48,light,51.2500114,5.9512964
120,orthomosaic_003.png,417.83,274.71,9667.81,604.24,518.89,heavy,51.2500082,5.9513067
121,orthomosaic_004.png,309.76,578.89,11388.21,711.76,591.33,heavy,51.2502709,5.9500111
122,orthomosaic_004.png,95.79,316.75,6235.3,389.71,357.92,medium,51.2502768,5.9500034
123,orthomosaic_004.png,219.41,94.41,4519.05,282.44,265.87,light,51.2502817,5.9500079
124,orthomosaic_004.png,335.4,392.81,8439.97,527.5,459.56,medium,51.250275,5.950012
125,orthomosaic_004.png,187.14,441.43,13909.02,869.31,700.4,heavy,51.250274,5.9500067
126,orthomosaic_004.png,222.99,419.59,3937.55,246.1,236.19,light,51.2502744,5.950008
127,orthomosaic_004.png,455.27,570.94,4757.12,297.32,277.76,light,51.250271,5.9500163
128,orthomosaic_004.png,131.8,491.8,11076.77,692.3,577.53,heavy,51.2502728,5.9500047
129,orthomosaic_004.png,300.42,230.48,10978.32,686.14,577.97,heavy,51.2502787,5.9500108
130,orthomosaic_004.png,535.5,498.77,10433.4,652.09,547.04,heavy,51.2502727,5.9500192
131,orthomosaic_004.png,100.97,472.46,2331.49,145.72,145.09,light,51.2502733,5.9500036
132,orthomosaic_004.png,571.71,296.01,12749.07,796.82,650.41,heavy,51.2502772,5.9500205
133,orthomosaic_004.png,487.41,461.77,8093.65,505.85,442.91,medium,51.2502735,5.9500175
134,orthomosaic_004.png,79.48,428.18,7865.03,491.56,432.23,medium,51.2502743,5.9500029
135,orthomosaic_004.png,516.13,194.61,3904.2,244.01,232.42,light,51.2502795,5.9500185
136,orthomosaic_004.png,80.3,336.7,12531.72,783.23,644.03,heavy,51.2502763,5.9500029
137,orthomosaic_004.png,268.07,296.31,14467.32,904.21,727.67,heavy,51.2502772,5.9500096
138,orthomosaic_004.png,520.49,170.75,8611.78,538.24,463.96,medium,51.25028,5.9500187
139,orthomosaic_004.png,253.18,105.76,12763.88,797.74,651.48,heavy,51.2502815,5.9500091
140,orthomosaic_004.png,393.58,445.37,5254.65,328.42,305.99,light,51.2502739,5.9500141
141,orthomosaic_004.png,393.92,353.48,10814.77,675.92,570.84,heavy,51.2502759,5.9500141
142,orthomosaic_004.png,145.55,426.75,7407.12,462.94,411.6,medium,51.2502743,5.9500052
143,orthomosaic_004.png,173.41,308.17,11621.08,726.32,599.52,heavy,51.2502769,5.9500062
144,orthomosaic_004.png,125.32,311.97,6315.02,394.69,358.51,medium,51.2502769,5.9500045
145,orthomosaic_004.png,241.87,376.08,13030.55,814.41,666.34,heavy,51.2502754,5.9500087
146,orthomosaic_004.png,586.86,181.72,6846.05,427.88,383.38,medium,51.2502798,5.9500211
147,orthomosaic_004.png,117.58,362.16,10957.62,684.85,572.71,heavy,51.2502757,5.9500042
148,orthomosaic_004.png,238.82,383.07,3569.25,223.08,212.73,light,51.2502753,5.9500086
149,orthomosaic_004.png,236.43,268.07,9803.63,612.73,521.8,heavy,51.2502778,5.9500085
150,orthomosaic_004.png,213.27,515.27,5013.66,313.35,288.33,light,51.2502723,5.9500077
151,orthomosaic_005.png,358.95,221.69,2675.59,167.22,166.71,light,51.2502789,5.9504434
152,orthomosaic_005.png,444.2,125.06,10204.29,637.77,541.21,heavy,51.2502811,5.9504465
153,orthomosaic_005.png,548.0,178.45,3311.63,206.98,200.99,light,51.2502799,5.9504502
154,orthomosaic_005.png,168.14,586.61,3259.22,203.7,199.0,light,51.2502707,5.9504366
155,orthomosaic_005.png,537.0,90.9,8971.56,560.72,484.77,medium,51.2502818,5.9504498
156,orthomosaic_005.png,387.58,476.36,3405.52,212.84,205.79,light,51.2502732,5.9504445
157,orthomosaic_005.png,457.99,385.47,11665.46,729.09,606.62,heavy,51.2502752,5.950447
158,orthomosaic_005.png,391.51,530.82,5706.62,356.66,328.18,light,51.2502719,5.9504446
159,orthomosaic_005.png,425.37,383.25,12813.62,800.85,655.26,heavy,51.2502753,5.9504458
160,orthomosaic_005.png,184.94,398.6,6692.27,418.27,375.55,medium,51.2502749,5.9504372
161,orthomosaic_005.png,294.65,126.46,5755.68,359.73,333.04,light,51.250281,5.9504411
162,orthomosaic_005.png,477.23,265.06,2608.33,163.02,158.68,light,51.2502779,5.9504477
163,orthomosaic_005.png,316.44,326.66,3603.29,225.21,213.67,light,51.2502765,5.9504419
164,orthomosaic_005.png,404.3,115.3,8739.52,546.22,472.05,medium,51.2502813,5.9504451
165,orthomosaic_005.png,255.66,527.21,2647.08,165.44,162.11,light,51.250272,5.9504397
166,orthomosaic_005.png,159.82,380.77,9568.43,598.03,511.06,heavy,51.2502753,5.9504363
167,orthomosaic_005.png,221.96,559.98,2860.27,178.77,169.8,light,51.2502713,5.9504385
168,orthomosaic_005.png,552.88,529.5,5617.49,351.09,324.75,light,51.250272,5.9504504
169,orthomosaic_005.png,481.47,395.21,13534.04,845.88,686.17,heavy,51.250275,5.9504478
170,orthomosaic_005.png,365.35,598.69,3177.75,198.61,190.52,light,51.2502704,5.9504437
171,orthomosaic_005.png,198.52,99.98,7386.96,461.68,407.52,medium,51.2502816,5.9504377
172,orthomosaic_005.png,505.7,387.13,3938.81,246.18,238.44,light,51.2502752,5.9504487
173,orthomosaic_005.png,488.06,212.95,4389.82,274.36,259.36,light,51.2502791,5.9504481
174,orthomosaic_005.png,296.33,305.94,5831.12,364.45,328.14,light,51.250277,5.9504412
175,orthomosaic_005.png,109.48,534.62,11863.44,741.47,610.14,heavy,51.2502719,5.9504345
176,orthomosaic_005.png,220.8,396.64,12983.23,811.45,663.72,heavy,51.250275,5.9504385
177,orthomosaic_005.png,115.91,112.0,3705.11,231.57,223.16,light,51.2502814,5.9504347
178,orthomosaic_005.png,253.13,207.54,4910.95,306.93,288.43,light,51.2502792,5.9504396
179,orthomosaic_005.png,597.92,250.62,2293.0,143.31,141.33,light,51.2502782,5.950452
180,orthomosaic_005.png,548.24,380.4,4032.62,252.04,242.97,light,51.2502753,5.9504502
181,orthomosaic_006.png,399.78,430.9,10565.76,660.36,554.17,heavy,51.2502742,5.9508755
182,orthomosaic_006.png,511.1,450.95,3825.16,239.07,233.67,light,51.2502737,5.9508794
183,orthomosaic_006.png,256.62,342.48,7394.56,462.16,408.41,medium,51.2502762,5.9508703
184,orthomosaic_006.png,533.5,590.89,4536.34,283.52,269.12,light,51.2502706,5.9508802
185,orthomosaic_006.png,166.47,369.44,7976.22,498.51,435.99,medium,51.2502756,5.9508671
186,orthomosaic_006.png,128.09,371.85,3495.11,218.44,211.42,light,51.2502755,5.9508657
187,orthomosaic_006.png,559.08,250.44,10571.42,660.71,556.49,heavy,51.2502782,5.9508812
188,orthomosaic_006.png,527.22,65.6,9906.79,619.17,523.76,heavy,51.2502824,5.95088
189,orthomosaic_006.png,492.4,240.16,3082.84,192.68,186.59,light,51.2502785,5.9508788
190,orthomosaic_006.png,70.67,379.36,4603.35,287.71,271.21,light,51.2502753,5.9508636
191,orthomosaic_006.png,510.98,226.92,2725.05,170.32,166.91,light,51.2502788,5.9508794
192,orthomosaic_006.png,147.94,279.01,13510.63,844.41,689.73,heavy,51.2502776,5.9508664
193,orthomosaic_006.png,513.06,321.61,13969.55,873.1,707.47,heavy,51.2502766,5.9508795
194,orthomosaic_006.png,267.57,527.87,9251.94,578.25,500.35,heavy,51.250272,5.9508707
195,orthomosaic_006.png,527.8,484.69,5130.99,320.69,299.06,light,51.250273,5.95088
196,orthomosaic_006.png,605.11,443.76,2127.14,132.95,128.82,light,51.2502739,5.9508828
197,orthomosaic_006.png,458.34,199.71,6827.62,426.73,381.66,medium,51.2502794,5.9508776
198,orthomosaic_006.png,557.53,318.66,7563.92,472.74,418.92,medium,51.2502767,5.9508811
199,orthomosaic_006.png,362.37,471.93,10041.0,627.56,532.07,heavy,51.2502733,5.9508741
200,orthomosaic_006.png,349.56,523.5,12061.03,753.81,621.29,heavy,51.2502721,5.9508736
201,orthomosaic_006.png,429.01,139.43,10840.3,677.52,569.17,heavy,51.2502807,5.9508765
202,orthomosaic_006.png,350.58,71.53,3740.67,233.79,223.36,light,51.2502823,5.9508737
203,orthomosaic_006.png,354.71,221.61,3626.75,226.67,220.09,light,51.2502789,5.9508738
204,orthomosaic_006.png,254.46,359.88,13627.81,851.74,688.72,heavy,51.2502758,5.9508702
205,orthomosaic_006.png,540.4,488.94,12235.45,764.72,632.01,heavy,51.2502729,5.9508805
206,orthomosaic_006.png,347.26,384.06,9316.4,582.27,501.41,heavy,51.2502752,5.9508736
207,orthomosaic_006.png,281.34,57.74,8447.18,527.95,459.49,medium,51.2502826,5.9508712
208,orthomosaic_006.png,364.0,343.66,3138.62,196.16,189.24,light,51.2502761,5.9508742
209,orthomosaic_006.png,246.73,73.61,11715.88,732.24,606.69,heavy,51.2502822,5.95087
210,orthomosaic_006.png,314.99,187.43,6498.88,406.18,362.25,medium,51.2502797,5.9508724
211,orthomosaic_007.png,511.8,416.11,3036.21,189.76,184.45,light,51.2502745,5.95131
212,orthomosaic_007.png,305.5,511.73,5854.98,365.94,337.11,light,51.2502724,5.9513026
213,orthomosaic_007.png,184.47,508.96,2224.93,139.06,136.39,light,51.2502724,5.9512983
214,orthomosaic_007.png,249.66,277.47,4571.77,285.74,269.22,light,51.2502776,5.9513006
215,orthomosaic_007.png,368.78,190.63,3364.2,210.26,202.58,light,51.2502796,5.9513049
216,orthomosaic_007.png,429.92,323.91,12991.82,811.99,661.06,heavy,51.2502766,5.9513071
217,orthomosaic_007.png,601.4,369.51,3608.32,225.52,213.7,light,51.2502756,5.9513132
218,orthomosaic_007.png,58.4,237.24,5840.38,365.02,333.23,light,51.2502785,5.9512938
219,orthomosaic_007.png,123.36,235.35,6525.02,407.81,366.32,medium,51.2502786,5.9512961
220,orthomosaic_007.png,301.23,420.76,8237.88,514.87,450.77,medium,51.2502744,5.9513025
221,orthomosaic_007.png,189.82,261.92,12495.05,780.94,639.42,heavy,51.250278,5.9512985
222,orthomosaic_007.png,304.75,152.35,2273.17,142.07,136.46,light,51.2502804,5.9513026
223,orthomosaic_007.png,529.22,445.15,9358.97,584.94,505.6,heavy,51.2502739,5.9513106
224,orthomosaic_007.png,95.84,477.94,5109.43,319.34,301.05,light,51.2502731,5.9512951
225,orthomosaic_007.png,499.99,301.82,6427.88,401.74,362.45,medium,51.2502771,5.9513096
226,orthomosaic_007.png,312.53,508.14,4954.22,309.64,284.6,light,51.2502725,5.9513029
227,orthomosaic_007.png,456.47,254.36,3799.44,237.47,224.36,light,51.2502782,5.951308
228,orthomosaic_007.png,113.06,368.99,10615.14,663.45,559.07,heavy,51.2502756,5.9512957
229,orthomosaic_007.png,541.55,596.05,3629.56,226.85,217.5,light,51.2502705,5.9513111
230,orthomosaic_007.png,484.14,111.18,12670.06,791.88,646.7,heavy,51.2502814,5.951309
231,orthomosaic_007.png,384.53,59.07,12856.77,803.55,657.42,heavy,51.2502825,5.9513055
232,orthomosaic_007.png,350.34,359.32,9009.51,563.09,487.29,medium,51.2502758,5.9513042
233,orthomosaic_007.png,439.84,503.31,2741.61,171.35,168.33,light,51.2502726,5.9513074
234,orthomosaic_007.png,166.15,76.58,4127.15,257.95,245.53,light,51.2502821,5.9512976
235,orthomosaic_007.png,601.89,75.15,2722.2,170.14,168.02,light,51.2502822,5.9513133
236,orthomosaic_007.png,326.96,344.68,10527.89,657.99,554.38,heavy,51.2502761,5.9513034
237,orthomosaic_007.png,349.07,401.67,4588.72,286.8,269.79,light,51.2502748,5.9513042
238,orthomosaic_007.png,446.53,125.08,10399.24,649.95,547.91,heavy,51.2502811,5.9513077
239,orthomosaic_007.png,395.51,273.92,5488.12,343.01,316.7,light,51.2502777,5.9513059
240,orthomosaic_007.png,463.18,524.18,6054.11,378.38,347.63,light,51.2502721,5.9513083
241,orthomosaic_008.png,213.98,380.05,5424.14,339.01,310.59,light,51.2505448,5.9500077
242,orthomosaic_008.png,579.91,499.13,3050.35,190.65,182.17,light,51.2505422,5.9500208
243,orthomosaic_008.png,373.2,340.13,10705.78,669.11,563.1,heavy,51.2505457,5.9500134
244,orthomosaic_008.png,97.66,155.97,10195.03,637.19,542.08,heavy,51.2505499,5.9500035
245,orthomosaic_008.png,186.16,59.25,6533.56,408.35,370.62,medium,51.250552,5.9500067
246,orthomosaic_008.png,280.53,347.96,9510.19,594.39,504.18,heavy,51.2505455,5.9500101
247,orthomosaic_008.png,530.46,444.66,6777.21,423.58,382.07,medium,51.2505434,5.950019
248,orthomosaic_008.png,130.59,402.5,6275.63,392.23,356.03,medium,51.2505443,5.9500047
249,orthomosaic_008.png,434.28,492.47,6675.09,417.19,377.46,medium,51.2505423,5.9500156
250,orthomosaic_008.png,76.37,470.23,4739.74,296.23,277.09,light,51.2505428,5.9500027
251,orthomosaic_008.png,325.44,103.42,13397.15,837.32,679.03,heavy,51.250551,5.9500117
252,orthomosaic_008.png,423.49,565.53,5738.25,358.64,326.7,light,51.2505407,5.9500152
253,orthomosaic_008.png,41.04,207.4,2752.5,172.03,169.26,light,51.2505487,5.9500015
254,orthomosaic_008.png,417.56,435.63,8142.32,508.89,444.85,medium,51.2505436,5.950015
255,orthomosaic_008.png,559.5,540.33,8499.56,531.22,463.2,medium,51.2505412,5.9500201
256,orthomosaic_008.png,122.17,70.11,3604.19,225.26,218.47,light,51.2505518,5.9500044
257,orthomosaic_008.png,249.63,232.83,12425.66,776.6,640.42,heavy,51.2505481,5.950009
258,orthomosaic_008.png,378.16,245.05,5337.18,333.57,314.4,light,51.2505479,5.9500136
259,orthomosaic_008.png,532.95,274.9,3895.16,243.45,228.62,light,51.2505472,5.9500191
260,orthomosaic_008.png,200.66,182.25,6255.8,390.99,356.1,medium,51.2505493,5.9500072
261,orthomosaic_008.png,267.35,576.83,12716.64,794.79,652.68,heavy,51.2505404,5.9500096
262,orthomosaic_008.png,423.21,445.0,2442.14,152.63,150.64,light,51.2505434,5.9500152
263,orthomosaic_008.png,575.9,112.5,4544.74,284.05,270.26,light,51.2505508,5.9500207
264,orthomosaic_008.png,367.87,330.63,11938.91,746.18,618.15,heavy,51.2505459,5.9500132
265,orthomosaic_008.png,482.34,516.56,2736.74,171.05,168.49,light,51.2505418,5.9500173
266,orthomosaic_008.png,413.55,550.16,13504.64,844.04,685.78,heavy,51.250541,5.9500148
267,orthomosaic_008.png,193.24,472.69,7196.35,449.77,401.23,medium,51.2505427,5.9500069
268,orthomosaic_008.png,239.87,418.91,3626.08,226.63,218.67,light,51.250544,5.9500086
269,orthomosaic_008.png,497.83,165.7,12449.91,778.12,639.16,heavy,51.2505496,5.9500179
270,orthomosaic_008.png,229.22,90.25,9340.89,583.81,499.97,medium,51.2505513,5.9500082
271,orthomosaic_009.png,251.63,76.64,14176.26,886.02,711.31,heavy,51.2505516,5.9504396
272,orthomosaic_009.png,217.19,332.48,8670.22,541.89,471.37,medium,51.2505459,5.9504383
273,orthomosaic_009.png,452.07,264.44,12620.93,788.81,650.47,heavy,51.2505474,5.9504468
274,orthomosaic_009.png,99.07,396.2,12149.07,759.32,625.53,heavy,51.2505445,5.9504341
275,orthomosaic_009.png,455.43,548.43,5313.03,332.06,308.82,light,51.250541,5.9504469
276,orthomosaic_009.png,369.51,86.8,3097.94,193.62,187.26,light,51.2505514,5.9504438
277,orthomosaic_009.png,210.26,248.12,9997.56,624.85,531.25,heavy,51.2505478,5.9504381
278,orthomosaic_009.png,409.45,198.93,10617.59,663.6,559.83,heavy,51.2505489,5.9504452
279,orthomosaic_009.png,465.27,239.04,4780.33,298.77,279.95,light,51.250548,5.9504472
280,orthomosaic_009.png,31.21,604.82,3113.89,194.62,186.79,light,51.2505398,5.9504317
281,orthomosaic_009.png,496.88,466.53,7685.94,480.37,426.94,medium,51.2505429,5.9504484
282,orthomosaic_009.png,158.78,523.42,5181.4,323.84,301.49,light,51.2505416,5.9504363
283,orthomosaic_009.png,350.07,255.86,5404.57,337.79,310.11,light,51.2505476,5.9504431
284,orthomosaic_009.png,329.81,114.17,10820.38,676.27,568.55,heavy,51.2505508,5.9504424
285,orthomosaic_009.png,174.52,456.49,2954.02,184.63,180.25,light,51.2505431,5.9504368
286,orthomosaic_009.png,193.15,447.46,11760.96,735.06,606.22,heavy,51.2505433,5.9504375
287,orthomosaic_009.png,528.64,539.75,7244.23,452.76,406.69,medium,51.2505412,5.9504495
288,orthomosaic_009.png,308.68,181.18,2794.02,174.63,167.0,light,51.2505493,5.9504416
289,orthomosaic_009.png,478.11,128.77,5063.48,316.47,292.54,light,51.2505505,5.9504477
290,orthomosaic_009.png,345.28,355.6,3258.38,203.65,199.19,light,51.2505454,5.9504429
291,orthomosaic_009.png,303.56,213.68,12166.83,760.43,625.8,heavy,51.2505486,5.9504414
292,orthomosaic_009.png,165.3,198.58,3733.83,233.36,220.51,light,51.2505489,5.9504365
293,orthomosaic_009.png,483.35,273.24,3842.59,240.16,223.3,light,51.2505472,5.9504479
294,orthomosaic_009.png,251.9,518.56,14233.83,889.61,714.71,heavy,51.2505417,5.9504396
295,orthomosaic_009.png,582.77,379.68,7430.48,464.41,412.85,medium,51.2505448,5.9504515
296,orthomosaic_009.png,105.4,554.09,9203.59,575.22,496.33,medium,51.2505409,5.9504343
297,orthomosaic_009.png,382.24,123.08,6022.92,376.43,338.98,light,51.2505506,5.9504443
298,orthomosaic_009.png,172.64,572.12,12719.84,794.99,653.81,heavy,51.2505405,5.9504367
299,orthomosaic_009.png,131.8,158.96,9264.93,579.06,501.3,heavy,51.2505498,5.9504353
300,orthomosaic_009.png,491.56,107.57,12401.09,775.07,643.41,heavy,51.2505509,5.9504482
301,orthomosaic_010.png,358.94,50.22,7098.78,443.67,394.77,medium,51.2505522,5.950874
302,orthomosaic_010.png,149.15,120.19,3576.71,223.54,215.7,light,51.2505507,5.9508665
303,orthomosaic_010.png,260.41,205.66,12886.17,805.39,655.16,heavy,51.2505487,5.9508704
304,orthomosaic_010.png,55.24,486.57,3097.95,193.62,188.2,light,51.2505424,5.9508631
305,orthomosaic_010.png,293.3,327.4,10883.11,680.19,575.24,heavy,51.250546,5.9508716
306,orthomosaic_010.png,540.84,111.03,5359.9,334.99,308.48,light,51.2505509,5.9508805
307,orthomosaic_010.png,507.32,438.08,7999.08,499.94,438.95,medium,51.2505435,5.9508793
308,orthomosaic_010.png,496.57,413.12,7705.83,481.61,423.97,medium,51.2505441,5.9508789
309,orthomosaic_010.png,365.2,578.94,2151.61,134.48,133.84,light,51.2505404,5.9508742
310,orthomosaic_010.png,68.23,247.43,3026.71,189.17,182.54,light,51.2505478,5.9508636
311,orthomosaic_010.png,582.46,449.89,7068.01,441.75,391.01,medium,51.2505433,5.950882
312,orthomosaic_010.png,263.66,605.64,3748.86,234.3,224.32,light,51.2505398,5.9508706
313,orthomosaic_010.png,100.42,199.97,4531.16,283.2,267.55,light,51.2505489,5.9508647
314,orthomosaic_010.png,528.81,477.31,7924.52,495.28,436.85,medium,51.2505426,5.9508801
315,orthomosaic_010.png,264.92,75.27,6992.44,437.03,391.23,medium,51.2505517,5.9508706
316,orthomosaic_010.png,375.66,330.42,12180.67,761.29,629.74,heavy,51.2505459,5.9508746
317,orthomosaic_010.png,588.61,396.94,4684.55,292.78,269.01,light,51.2505444,5.9508822
318,orthomosaic_010.png,422.32,165.53,4924.04,307.75,286.9,light,51.2505496,5.9508763
319,orthomosaic_010.png,576.02,41.88,2550.46,159.4,156.84,light,51.2505524,5.9508818
320,orthomosaic_010.png,569.28,238.77,6740.5,421.28,378.16,medium,51.250548,5.9508815
321,orthomosaic_010.png,217.53,82.32,5661.94,353.87,326.43,light,51.2505515,5.9508689
322,orthomosaic_010.png,498.38,445.17,4357.68,272.36,258.98,light,51.2505434,5.950879
323,orthomosaic_010.png,395.12,373.66,11861.76,741.36,610.66,heavy,51.250545,5.9508753
324,orthomosaic_010.png,557.3,373.47,4964.73,310.3,290.72,light,51.250545,5.9508811
325,orthomosaic_010.png,505.73,277.88,8749.38,546.84,474.97,medium,51.2505471,5.9508793
326,orthomosaic_010.png,323.97,297.82,4397.44,274.84,257.39,light,51.2505467,5.9508727
327,orthomosaic_010.png,133.45,289.38,11772.68,735.79,611.14,heavy,51.2505469,5.9508659
328,orthomosaic_010.png,590.96,317.09,4561.35,285.08,267.48,light,51.2505462,5.9508823
329,orthomosaic_010.png,536.06,303.05,7839.7,489.98,433.97,medium,51.2505466,5.9508803
330,orthomosaic_010.png,162.72,231.78,9334.61,583.41,502.57,heavy,51.2505482,5.9508669
331,orthomosaic_011.png,292.55,178.4,3862.45,241.4,228.71,light,51.2505494,5.9513022
332,orthomosaic_011.png,560.81,153.27,12973.82,810.86,658.31,heavy,51.2505499,5.9513118
333,orthomosaic_011.png,65.47,248.47,4002.61,250.16,240.71,light,51.2505478,5.951294
334,orthomosaic_011.png,77.02,230.77,8689.91,543.12,470.91,medium,51.2505482,5.9512944
335,orthomosaic_011.png,534.06,427.17,6748.41,421.78,378.03,medium,51.2505438,5.9513108
336,orthomosaic_011.png,579.38,324.4,13357.32,834.83,679.88,heavy,51.2505461,5.9513124
337,orthomosaic_011.png,570.13,214.67,11819.5,738.72,610.2,heavy,51.2505485,5.9513121
338,orthomosaic_011.png,490.12,170.9,5115.47,319.72,296.97,light,51.2505495,5.9513092
339,orthomosaic_011.png,522.01,311.0,7298.78,456.17,401.82,medium,51.2505464,5.9513104
340,orthomosaic_011.png,374.49,411.3,9726.78,607.92,518.98,heavy,51.2505441,5.9513051
341,orthomosaic_011.png,182.88,505.27,9024.97,564.06,484.0,medium,51.250542,5.9512982
342,orthomosaic_011.png,244.59,357.3,6398.28,399.89,362.78,medium,51.2505453,5.9513004
343,orthomosaic_011.png,346.92,49.84,5632.91,352.06,327.2,light,51.2505522,5.9513041
344,orthomosaic_011.png,127.54,450.29,11953.22,747.08,612.8,heavy,51.2505432,5.9512962
345,orthomosaic_011.png,54.13,198.23,4389.97,274.37,259.54,light,51.2505489,5.9512936
346,orthomosaic_011.png,207.02,108.0,13850.53,865.66,700.3,heavy,51.2505509,5.9512991
347,orthomosaic_011.png,252.76,261.87,6791.04,424.44,378.03,medium,51.2505475,5.9513007
348,orthomosaic_011.png,306.57,409.66,12731.54,795.72,651.74,heavy,51.2505442,5.9513027
349,orthomosaic_011.png,374.57,133.95,7572.6,473.29,421.37,medium,51.2505504,5.9513051
350,orthomosaic_011.png,257.48,476.28,7302.1,456.38,407.31,medium,51.2505427,5.9513009
351,orthomosaic_011.png,209.31,356.82,11550.65,721.92,599.88,heavy,51.2505453,5.9512992
352,orthomosaic_011.png,58.73,254.51,3591.18,224.45,212.97,light,51.2505476,5.9512938
353,orthomosaic_011.png,246.02,543.05,6201.61,387.6,354.7,medium,51.2505412,5.9513005
354,orthomosaic_011.png,333.75,350.26,8677.46,542.34,469.47,medium,51.2505455,5.9513036
355,orthomosaic_011.png,440.77,347.75,7922.87,495.18,437.0,medium,51.2505455,5.9513075
356,orthomosaic_011.png,203.55,337.3,3121.35,195.08,192.32,light,51.2505458,5.951299
357,orthomosaic_011.png,225.88,371.94,7142.01,446.38,395.91,medium,51.250545,5.9512998
358,orthomosaic_011.png,68.43,179.49,6112.72,382.05,345.17,light,51.2505493,5.9512941
359,orthomosaic_011.png,149.87,473.59,11111.52,694.47,583.22,heavy,51.2505427,5.951297
360,orthomosaic_011.png,527.4,421.2,5341.59,333.85,309.25,light,51.2505439,5.9513106
361,orthomosaic_012.png,145.83,413.87,3263.68,203.98,195.38,light,51.2508136,5.9500052
362,orthomosaic_012.png,583.66,42.96,3317.95,207.37,197.18,light,51.2508219,5.9500209
363,orthomosaic_012.png,557.22,183.59,4351.5,271.97,255.95,light,51.2508187,5.95002
364,orthomosaic_012.png,65.5,228.25,8645.12,540.32,467.08,medium,51.2508177,5.9500024
365,orthomosaic_012.png,226.24,76.71,9143.88,571.49,491.12,medium,51.2508211,5.9500081
366,orthomosaic_012.png,151.21,273.97,2726.44,170.4,168.21,light,51.2508167,5.9500054
367,orthomosaic_012.png,154.86,331.5,6106.18,381.64,349.31,light,51.2508154,5.9500056
368,orthomosaic_012.png,543.4,519.73,5985.83,374.11,341.13,light,51.2508112,5.9500195
369,orthomosaic_012.png,306.18,306.22,8659.63,541.23,467.95,medium,51.250816,5.950011
370,orthomosaic_012.png,291.75,400.91,5318.77,332.42,306.71,light,51.2508138,5.9500105
371,orthomosaic_012.png,289.95,153.34,5945.86,371.62,339.74,light,51.2508194,5.9500104
372,orthomosaic_012.png,488.21,491.32,3718.42,232.4,224.09,light,51.2508118,5.9500175
373,orthomosaic_012.png,82.05,283.53,2450.13,153.13,151.61,light,51.2508165,5.9500029
374,orthomosaic_012.png,287.93,463.34,9215.92,575.99,496.55,medium,51.2508124,5.9500103
375,orthomosaic_012.png,497.02,567.54,11301.44,706.34,591.35,heavy,51.2508101,5.9500178
376,orthomosaic_012.png,243.17,299.12,5517.03,344.81,313.75,light,51.2508161,5.9500087
377,orthomosaic_012.png,188.71,489.03,6252.16,390.76,353.25,medium,51.2508119,5.9500068
378,orthomosaic_012.png,294.13,111.87,3154.84,197.18,190.55,light,51.2508203,5.9500106
379,orthomosaic_012.png,183.53,96.41,13304.3,831.52,676.33,heavy,51.2508207,5.9500066
380,orthomosaic_012.png,401.96,507.78,6808.35,425.52,382.76,medium,51.2508114,5.9500144
381,orthomosaic_012.png,195.15,498.97,3896.15,243.51,234.52,light,51.2508116,5.950007
382,orthomosaic_012.png,511.43,67.68,8146.23,509.14,442.82,medium,51.2508213,5.9500183
383,orthomosaic_012.png,596.71,163.19,5564.95,347.81,321.43,light,51.2508192,5.9500214
384,orthomosaic_012.png,516.93,165.59,13055.75,815.98,665.35,heavy,51.2508191,5.9500185
385,orthomosaic_012.png,430.99,202.74,6841.32,427.58,385.81,medium,51.2508183,5.9500155
386,orthomosaic_012.png,205.96,444.25,3428.12,214.26,205.43,light,51.2508129,5.9500074
387,orthomosaic_012.png,474.23,274.78,8940.46,558.78,483.47,medium,51.2508167,5.950017
388,orthomosaic_012.png,85.76,63.48,5189.62,324.35,300.58,light,51.2508214,5.9500031
389,orthomosaic_012.png,41.01,573.29,5142.7,321.42,297.44,light,51.25081,5.9500015
390,orthomosaic_012.png,507.76,411.87,8882.84,555.18,480.54,medium,51.2508136,5.9500182
391,orthomosaic_013.png,259.75,254.91,9812.49,613.28,519.15,heavy,51.2508171,5.9504399
392,orthomosaic_013.png,101.06,472.16,11989.4,749.34,619.45,heavy,51.2508122,5.9504342
393,orthomosaic_013.png,359.43,476.0,14143.58,883.97,708.66,heavy,51.2508122,5.9504434
394,orthomosaic_013.png,374.01,468.75,10374.85,648.43,549.67,heavy,51.2508123,5.950444
395,orthomosaic_013.png,211.6,297.89,10341.74,646.36,550.82,heavy,51.2508162,5.9504381
396,orthomosaic_013.png,126.56,182.72,6204.16,387.76,350.11,medium,51.2508187,5.9504351
397,orthomosaic_013.png,61.38,268.92,5433.21,339.58,312.12,light,51.2508168,5.9504328
398,orthomosaic_013.png,583.46,49.99,6175.8,385.99,352.32,medium,51.2508217,5.9504515
399,orthomosaic_013.png,106.09,372.5,11723.85,732.74,610.72,heavy,51.2508145,5.9504344
400,orthomosaic_013.png,409.74,164.76,8209.01,513.06,448.74,medium,51.2508192,5.9504453
401,orthomosaic_013.png,243.97,77.85,13117.47,819.84,669.22,heavy,51.2508211,5.9504393
402,orthomosaic_013.png,111.73,591.45,4983.18,311.45,293.64,light,51.2508096,5.9504346
403,orthomosaic_013.png,535.65,286.76,9122.09,570.13,490.33,medium,51.2508164,5.9504498
404,orthomosaic_013.png,177.54,382.06,6844.85,427.8,383.79,medium,51.2508143,5.9504369
405,orthomosaic_013.png,116.42,287.26,11660.81,728.8,603.08,heavy,51.2508164,5.9504347
406,orthomosaic_013.png,463.8,433.65,6111.97,382.0,351.98,medium,51.2508131,5.9504472
407,orthomosaic_013.png,445.63,565.1,4803.59,300.22,282.93,light,51.2508102,5.9504465
408,orthomosaic_013.png,184.27,89.83,7396.46,462.28,408.09,medium,51.2508208,5.9504372
409,orthomosaic_013.png,216.57,258.23,13743.81,858.99,695.61,heavy,51.2508171,5.9504383
410,orthomosaic_013.png,538.46,141.65,8103.81,506.49,445.31,medium,51.2508197,5.9504499
411,orthomosaic_013.png,246.37,511.92,13704.55,856.53,691.68,heavy,51.2508114,5.9504394
412,orthomosaic_013.png,364.52,434.25,8060.5,503.78,441.36,medium,51.2508131,5.9504436
413,orthomosaic_013.png,142.55,318.67,3290.7,205.67,193.82,light,51.2508157,5.9504357
414,orthomosaic_013.png,478.23,451.5,10225.95,639.12,539.28,heavy,51.2508127,5.9504477
415,orthomosaic_013.png,468.89,321.37,9766.29,610.39,519.97,heavy,51.2508156,5.9504474
416,orthomosaic_013.png,536.8,267.83,6099.38,381.21,347.67,light,51.2508168,5.9504498
417,orthomosaic_013.png,360.96,197.84,5285.64,330.35,304.17,light,51.2508184,5.9504435
418,orthomosaic_013.png,234.88,437.39,3040.21,190.01,183.38,light,51.250813,5.950439
419,orthomosaic_013.png,129.81,110.05,5247.87,327.99,304.8,light,51.2508204,5.9504352
420,orthomosaic_013.png,327.18,521.47,4645.65,290.35,272.2,light,51.2508111,5.9504423
421,orthomosaic_014.png,169.45,177.32,12080.94,755.06,622.44,heavy,51.2508189,5.9508672
422,orthomosaic_014.png,203.74,431.65,3965.53,247.85,239.53,light,51.2508132,5.9508684
423,orthomosaic_014.png,247.1,278.64,11454.83,715.93,593.6,heavy,51.2508166,5.95087
424,orthomosaic_014.png,395.94,506.7,6508.83,406.8,365.84,medium,51.2508115,5.9508753
425,orthomosaic_014.png,160.32,380.02,6329.21,395.58,360.77,medium,51.2508143,5.9508669
426,orthomosaic_014.png,516.8,85.09,3979.87,248.74,238.14,light,51.2508209,5.9508796
427,orthomosaic_014.png,241.01,244.22,8911.53,556.97,481.44,medium,51.2508174,5.9508698
428,orthomosaic_014.png,335.14,147.57,12618.3,788.64,647.23,heavy,51.2508195,5.9508731
429,orthomosaic_014.png,168.76,392.6,9274.87,579.68,497.3,medium,51.250814,5.9508672
430,orthomosaic_014.png,137.09,315.25,11713.78,732.11,606.05,heavy,51.2508158,5.950866
431,orthomosaic_014.png,173.9,134.26,8125.1,507.82,448.91,medium,51.2508198,5.9508673
432,orthomosaic_014.png,430.17,398.67,5259.39,328.71,304.59,light,51.2508139,5.9508765
433,orthomosaic_014.png,458.6,424.1,3452.34,215.77,205.38,light,51.2508133,5.9508776
434,orthomosaic_014.png,602.7,574.66,2546.43,159.15,152.75,light,51.2508099,5.9508827
435,orthomosaic_014.png,182.7,553.05,8586.7,536.67,465.58,medium,51.2508104,5.9508677
436,orthomosaic_014.png,33.67,519.57,3226.69,201.67,198.44,light,51.2508112,5.9508623
437,orthomosaic_014.png,509.13,275.98,11242.15,702.63,589.86,heavy,51.2508167,5.9508794
438,orthomosaic_014.png,229.4,195.98,11115.33,694.71,581.44,heavy,51.2508185,5.9508693
439,orthomosaic_014.png,398.56,373.13,2384.39,149.02,148.16,light,51.2508145,5.9508754
440,orthomosaic_014.png,195.65,92.69,8750.26,546.89,472.42,medium,51.2508208,5.9508681
441,orthomosaic_014.png,476.5,516.69,3219.58,201.22,195.74,light,51.2508112,5.9508782
442,orthomosaic_014.png,442.85,224.74,9739.38,608.71,517.9,heavy,51.2508178,5.950877
443,orthomosaic_014.png,76.98,483.42,12481.1,780.07,646.37,heavy,51.250812,5.9508639
444,orthomosaic_014.png,179.05,451.35,11355.32,709.71,591.31,heavy,51.2508127,5.9508675
445,orthomosaic_014.png,163.27,464.08,5613.38,350.84,324.12,light,51.2508124,5.950867
446,orthomosaic_014.png,184.65,425.44,3451.75,215.73,208.73,light,51.2508133,5.9508677
447,orthomosaic_014.png,280.65,285.45,15273.32,954.58,760.49,heavy,51.2508164,5.9508712
448,orthomosaic_014.png,568.59,397.57,7115.86,444.74,396.98,medium,51.2508139,5.9508815
449,orthomosaic_014.png,334.91,193.19,7086.12,442.88,397.37,medium,51.2508185,5.9508731
450,orthomosaic_014.png,114.92,246.95,4777.21,298.58,286.93,light,51.2508173,5.9508652
451,orthomosaic_015.png,229.78,128.01,7727.35,482.96,427.39,medium,51.25082,5.9512999
452,orthomosaic_015.png,247.98,211.17,3139.29,196.21,189.54,light,51.2508181,5.9513006
453,orthomosaic_015.png,510.18,298.43,3484.0,217.75,208.6,light,51.2508162,5.95131
454,orthomosaic_015.png,132.45,570.39,7313.02,457.06,402.11,medium,51.25081,5.9512964
455,orthomosaic_015.png,93.87,155.82,5275.56,329.72,304.5,light,51.2508194,5.951295
456,orthomosaic_015.png,552.63,370.4,8941.34,558.83,482.75,medium,51.2508145,5.9513115
457,orthomosaic_015.png,264.66,184.11,8918.18,557.39,480.41,medium,51.2508187,5.9513012
458,orthomosaic_015.png,496.11,583.13,2442.7,152.67,148.47,light,51.2508098,5.9513095
459,orthomosaic_015.png,355.21,72.7,6001.74,375.11,342.58,light,51.2508212,5.9513044
460,orthomosaic_015.png,302.31,68.35,6576.42,411.03,368.1,medium,51.2508213,5.9513025
461,orthomosaic_015.png,213.45,50.94,3382.77,211.42,204.98,light,51.2508217,5.9512993
462,orthomosaic_015.png,237.4,285.13,7551.0,471.94,412.7,medium,51.2508164,5.9513002
463,orthomosaic_015.png,87.56,90.03,6253.45,390.84,357.65,medium,51.2508208,5.9512948
464,orthomosaic_015.png,241.77,474.36,11724.08,732.75,607.73,heavy,51.2508122,5.9513003
465,orthomosaic_015.png,526.8,338.51,10397.98,649.87,551.34,heavy,51.2508153,5.9513106
466,orthomosaic_015.png,430.86,231.88,12779.76,798.73,653.12,heavy,51.2508176,5.9513071
467,orthomosaic_015.png,408.39,575.08,4255.01,265.94,250.0,light,51.2508099,5.9513063
468,orthomosaic_015.png,308.1,352.89,6849.14,428.07,384.45,medium,51.2508149,5.9513027
469,orthomosaic_015.png,505.67,540.13,2810.93,175.68,172.7,light,51.2508107,5.9513098
470,orthomosaic_015.png,281.84,78.43,7726.73,482.92,425.93,medium,51.2508211,5.9513018
471,orthomosaic_015.png,525.1,475.47,3401.8,212.61,203.52,light,51.2508122,5.9513105
472,orthomosaic_015.png,316.55,578.59,5489.86,343.12,311.9,light,51.2508099,5.951303
473,orthomosaic_015.png,424.36,203.0,8417.51,526.09,457.81,medium,51.2508183,5.9513069
474,orthomosaic_015.png,362.29,60.98,10877.11,679.82,568.41,heavy,51.2508215,5.9513047
475,orthomosaic_015.png,192.83,294.21,12246.4,765.4,634.21,heavy,51.2508162,5.9512986
476,orthomosaic_015.png,577.77,240.15,6546.92,409.18,372.75,medium,51.2508175,5.9513124
477,orthomosaic_015.png,195.0,313.32,3236.85,202.3,193.74,light,51.2508158,5.9512987
478,orthomosaic_015.png,322.13,354.2,12679.24,792.45,648.47,heavy,51.2508149,5.9513032
479,orthomosaic_015.png,329.36,544.32,5094.27,318.39,292.85,light,51.2508106,5.9513035
480,orthomosaic_015.png,547.52,88.5,5440.29,340.02,314.14,light,51.2508209,5.9513113
